/*
	Color Validation
	Authors: ChimpanG
*/

-----------------------------------------------
-- Schema
-----------------------------------------------

CREATE TABLE IF NOT EXISTS ModValidation
	(
	Version			TEXT	DEFAULT NULL
	);

CREATE TABLE IF NOT EXISTS CSE_Colors
	(
	CityStateType	TEXT	DEFAULT NULL,
	Reference		TEXT	DEFAULT NULL
	);

CREATE TABLE IF NOT EXISTS CSE_ColorFallbacks
	(
	CivilizationType	TEXT	DEFAULT NULL,
	CityStateType		TEXT	DEFAULT NULL,
	Reference			TEXT	DEFAULT NULL,
	Required			TEXT	DEFAULT NULL,
	Version				TEXT	DEFAULT NULL,
	Removed				TEXT	DEFAULT NULL,
	Discard				BOOLEAN	DEFAULT 0
	);

-----------------------------------------------
-- ModValidation
-----------------------------------------------

INSERT INTO ModValidation
		(Version				)
VALUES	('BASE'					),
		('CITY_STATES_EXPANDED'	);

INSERT OR REPLACE INTO ModValidation (Version)
SELECT	'DLC1'
WHERE EXISTS (SELECT Type FROM PlayerColors WHERE Type IN
(
'LEADER_JADWIGA'
));

INSERT OR REPLACE INTO ModValidation (Version)
SELECT	'DLC2'
WHERE EXISTS (SELECT Type FROM PlayerColors WHERE Type IN
(
'CIVILIZATION_AUCKLAND',
'CIVILIZATION_ANTANANARIVO',
'CIVILIZATION_ARMAGH',
'CIVILIZATION_GRANADA',
'CIVILIZATION_MUSCAT',
'CIVILIZATION_PALENQUE'
));

INSERT OR REPLACE INTO ModValidation (Version)
SELECT	'DLC3'
WHERE EXISTS (SELECT Type FROM PlayerColors WHERE Type IN
(
'LEADER_JOHN_CURTIN'
));

INSERT OR REPLACE INTO ModValidation (Version)
SELECT	'DLC4'
WHERE EXISTS (SELECT Type FROM PlayerColors WHERE Type IN
(
'LEADER_ALEXANDER',
'LEADER_CYRUS'
));

INSERT OR REPLACE INTO ModValidation (Version)
SELECT	'DLC5'
WHERE EXISTS (SELECT Type FROM PlayerColors WHERE Type IN
(
'LEADER_AMANITORE'
));

INSERT OR REPLACE INTO ModValidation (Version)
SELECT	'DLC6'
WHERE EXISTS (SELECT Type FROM PlayerColors WHERE Type IN
(
'LEADER_GITARJA',
'LEADER_JAYAVARMAN'
));

INSERT OR REPLACE INTO ModValidation (Version)
SELECT	'XP1'
WHERE EXISTS (SELECT Type FROM PlayerColors WHERE Type IN
(
'LEADER_POUNDMAKER',
'LEADER_TAMAR',
'LEADER_SEONDEOK',
'LEADER_LAUTARO',
'LEADER_GENGHIS_KHAN',
'LEADER_WILHEMINA',
'LEADER_ROBERT_THE_BRUCE',
'LEADER_SHAKA',
'LEADER_CHANDRAGUPTA'
));

INSERT OR REPLACE INTO ModValidation (Version)
SELECT	'XP2'
WHERE EXISTS (SELECT Type FROM PlayerColors WHERE Type IN
(
'LEADER_LAURIER',
'LEADER_PACHACUTI',
'LEADER_MATTHIAS',
'LEADER_MANSA_MUSA',
'LEADER_KUPE',
'LEADER_SULEIMAN',
'LEADER_KRISTINA',
'LEADER_ELEANOR'
));

-----------------------------------------------
-- CSE_Colors
-----------------------------------------------

INSERT INTO CSE_Colors
		(CityStateType,		Reference											)
VALUES	('SCIENTIFIC',		'COLOR_PLAYER_CITY_STATE_SCIENCE_SECONDARY'			),
		('CULTURAL',		'COLOR_PLAYER_CITY_STATE_CULTURAL_SECONDARY'		),
		('RELIGIOUS',		'COLOR_PLAYER_CITY_STATE_RELIGIOUS_SECONDARY'		),
		('TRADE',			'COLOR_PLAYER_CITY_STATE_TRADE_SECONDARY'			),
		('INDUSTRIAL',		'COLOR_PLAYER_CITY_STATE_INDUSTRIAL_SECONDARY'		),
		('MILITARISTIC',	'COLOR_PLAYER_CITY_STATE_MILITARISTIC_SECONDARY'	);

-----------------------------------------------
-- CSE_ColorFallbacks
-----------------------------------------------

INSERT INTO CSE_ColorFallbacks
		(CivilizationType,				CityStateType,		Required,	Version,					Removed	)
VALUES	('CIVILIZATION_AKKAD',			'MILITARISTIC',		'XP2',		'CITY_STATES_EXPANDED',		NULL	),
		('CIVILIZATION_AMSTERDAM',		'TRADE',			'BASE',		'CITY_STATES_EXPANDED',		'XP1'	),
		('CIVILIZATION_ANTANANARIVO',	'CULTURAL',			'DLC2',		'CITY_STATES_EXPANDED',		NULL	),
		('CIVILIZATION_ANTIOCH',		'TRADE',			'XP1',		'CITY_STATES_EXPANDED',		NULL	),
		('CIVILIZATION_ARMAGH',			'RELIGIOUS',		'DLC2',		'CITY_STATES_EXPANDED',		NULL	),
		('CIVILIZATION_AUCKLAND',		'INDUSTRIAL',		'DLC2',		'CITY_STATES_EXPANDED',		NULL	),
		('CIVILIZATION_BABYLON',		'SCIENTIFIC',		'XP1',		'CITY_STATES_EXPANDED',		NULL	),
		('CIVILIZATION_BOLOGNA',		'SCIENTIFIC',		'XP2',		'CITY_STATES_EXPANDED',		NULL	),
		('CIVILIZATION_BUENOS_AIRES',	'INDUSTRIAL',		'BASE',		'CITY_STATES_EXPANDED',		NULL	),
		('CIVILIZATION_BRUSSELS',		'INDUSTRIAL',		'BASE',		'CITY_STATES_EXPANDED',		NULL	),
		('CIVILIZATION_CAHOKIA',		'TRADE',			'XP2',		'CITY_STATES_EXPANDED',		NULL	),
		('CIVILIZATION_CARDIFF',		'INDUSTRIAL',		'XP2',		'CITY_STATES_EXPANDED',		NULL	),
		('CIVILIZATION_FEZ',			'SCIENTIFIC',		'XP2',		'CITY_STATES_EXPANDED',		NULL	),
		('CIVILIZATION_GENEVA',			'SCIENTIFIC',		'BASE',		'CITY_STATES_EXPANDED',		NULL	),
		('CIVILIZATION_GRANADA',		'MILITARISTIC',		'DLC2',		'CITY_STATES_EXPANDED',		NULL	),
		('CIVILIZATION_HATTUSA',		'MILITARISTIC',		'BASE',		'CITY_STATES_EXPANDED',		NULL	),
		('CIVILIZATION_HONG_KONG',		'INDUSTRIAL',		'BASE',		'CITY_STATES_EXPANDED',		NULL	),
		('CIVILIZATION_JAKARTA',		'TRADE',			'BASE',		'CITY_STATES_EXPANDED',		NULL	),
		('CIVILIZATION_JERUSALEM',		'RELIGIOUS',		'BASE',		'CITY_STATES_EXPANDED',		NULL	),
		('CIVILIZATION_KABUL',			'MILITARISTIC',		'BASE',		'CITY_STATES_EXPANDED',		NULL	),
		('CIVILIZATION_KANDY',			'RELIGIOUS',		'BASE',		'CITY_STATES_EXPANDED',		NULL	),
		('CIVILIZATION_KUMASI',			'CULTURAL',			'BASE',		'CITY_STATES_EXPANDED',		NULL	),
		('CIVILIZATION_LA_VENTA',		'RELIGIOUS',		'BASE',		'CITY_STATES_EXPANDED',		NULL	),
		('CIVILIZATION_LISBON',			'TRADE',			'BASE',		'CITY_STATES_EXPANDED',		NULL	),
		('CIVILIZATION_MEXICO_CITY',	'INDUSTRIAL',		'XP2',		'CITY_STATES_EXPANDED',		NULL	),
		('CIVILIZATION_MOHENJO_DARO',	'CULTURAL',			'BASE',		'CITY_STATES_EXPANDED',		NULL	),
		('CIVILIZATION_MUSCAT',			'TRADE',			'DLC2',		'CITY_STATES_EXPANDED',		NULL	),
		('CIVILIZATION_NAN_MADOL',		'CULTURAL',			'BASE',		'CITY_STATES_EXPANDED',		NULL	),
		('CIVILIZATION_NAZCA',			'RELIGIOUS',		'XP2',		'CITY_STATES_EXPANDED',		NULL	),
		('CIVILIZATION_NGAZARGAMU',		'MILITARISTIC',		'XP2',		'CITY_STATES_EXPANDED',		NULL	),
		('CIVILIZATION_PALENQUE',		'SCIENTIFIC',		'DLC2',		'CITY_STATES_EXPANDED',		NULL	),
		('CIVILIZATION_PRESLAV',		'MILITARISTIC',		'BASE',		'CITY_STATES_EXPANDED',		NULL	),
		('CIVILIZATION_RAPA_NUI',		'CULTURAL',			'XP2',		'CITY_STATES_EXPANDED',		NULL	),
		('CIVILIZATION_SEOUL',			'SCIENTIFIC',		'BASE',		'CITY_STATES_EXPANDED',		'XP1'	),
		('CIVILIZATION_STOCKHOLM',		'SCIENTIFIC',		'BASE',		'CITY_STATES_EXPANDED',		'XP2'	),
		('CIVILIZATION_TORONTO',		'INDUSTRIAL',		'BASE',		'CITY_STATES_EXPANDED',		'XP2'	),
		('CIVILIZATION_VALLETTA',		'MILITARISTIC',		'BASE',		'CITY_STATES_EXPANDED',		NULL	),
		('CIVILIZATION_VILNIUS',		'CULTURAL',			'BASE',		'CITY_STATES_EXPANDED',		NULL	),
		('CIVILIZATION_YEREVAN',		'RELIGIOUS',		'BASE',		'CITY_STATES_EXPANDED',		NULL	),
		('CIVILIZATION_ZANZIBAR',		'TRADE',			'BASE',		'CITY_STATES_EXPANDED',		NULL	);