/*
	Types
	Authors: ChimpanG
*/

-----------------------------------------------
-- TraitModifiers
-----------------------------------------------

DELETE FROM TraitModifiers
WHERE TraitType
IN (
	'MINOR_CIV_DEFAULT_TRAIT',
	'MINOR_CIV_SCIENTIFIC_TRAIT',
	'MINOR_CIV_RELIGIOUS_TRAIT',
	'MINOR_CIV_TRADE_TRAIT',
	'MINOR_CIV_CULTURAL_TRAIT',
	'MINOR_CIV_MILITARISTIC_TRAIT',
	'MINOR_CIV_INDUSTRIAL_TRAIT'
);

INSERT INTO TraitModifiers 
		(TraitType, 						ModifierId											)
VALUES	('MINOR_CIV_SCIENTIFIC_TRAIT',		'MODIFIER_CSE_SCIENTIFIC_SEND_TRADE_BONUS'			),
		('MINOR_CIV_SCIENTIFIC_TRAIT',		'MODIFIER_CSE_SCIENTIFIC_CAPITAL_SCIENCE'			),
		('MINOR_CIV_SCIENTIFIC_TRAIT',		'MODIFIER_CSE_SCIENTIFIC_LIBRARY_SCIENCE'			),
		('MINOR_CIV_SCIENTIFIC_TRAIT',		'MODIFIER_CSE_SCIENTIFIC_UNIVERSITY_SCIENCE'		),
		('MINOR_CIV_SCIENTIFIC_TRAIT',		'MODIFIER_CSE_SCIENTIFIC_RESEARCH_LAB_SCIENCE'		),
		
		('MINOR_CIV_CULTURAL_TRAIT',		'MODIFIER_CSE_CULTURAL_SEND_TRADE_BONUS'			),
		('MINOR_CIV_CULTURAL_TRAIT',		'MODIFIER_CSE_CULTURAL_CAPITAL_CULTURE'				),
		('MINOR_CIV_CULTURAL_TRAIT',		'MODIFIER_CSE_CULTURAL_AMPHITHEATER_CULTURE'		),
		('MINOR_CIV_CULTURAL_TRAIT',		'MODIFIER_CSE_CULTURAL_MUSEUM_ART_CULTURE'			),
		('MINOR_CIV_CULTURAL_TRAIT',		'MODIFIER_CSE_CULTURAL_MUSEUM_ARTIFACT_CULTURE'		),
		('MINOR_CIV_CULTURAL_TRAIT',		'MODIFIER_CSE_CULTURAL_BROADCAST_CENTER_CULTURE'	),
		
		('MINOR_CIV_TRADE_TRAIT',			'MODIFIER_CSE_TRADE_SEND_TRADE_BONUS'				),
		('MINOR_CIV_TRADE_TRAIT',			'MODIFIER_CSE_TRADE_CAPITAL_GOLD'					),
		('MINOR_CIV_TRADE_TRAIT',			'MODIFIER_CSE_TRADE_MARKET_GOLD'					),
		('MINOR_CIV_TRADE_TRAIT',			'MODIFIER_CSE_TRADE_BANK_GOLD'						),
		('MINOR_CIV_TRADE_TRAIT',			'MODIFIER_CSE_TRADE_STOCK_EXCHANGE_GOLD'			),
		('MINOR_CIV_TRADE_TRAIT',			'MODIFIER_CSE_TRADE_LIGHTHOUSE_GOLD'				),
		('MINOR_CIV_TRADE_TRAIT',			'MODIFIER_CSE_TRADE_SHIPYARD_GOLD'					),
		('MINOR_CIV_TRADE_TRAIT',			'MODIFIER_CSE_TRADE_SEAPORT_GOLD'					),
		
		('MINOR_CIV_RELIGIOUS_TRAIT',		'MODIFIER_CSE_RELIGIOUS_SEND_TRADE_BONUS'			),
		('MINOR_CIV_RELIGIOUS_TRAIT',		'MODIFIER_CSE_RELIGIOUS_CAPITAL_FAITH'				),
		('MINOR_CIV_RELIGIOUS_TRAIT',		'MODIFIER_CSE_RELIGIOUS_SHRINE_FAITH'				),
		('MINOR_CIV_RELIGIOUS_TRAIT',		'MODIFIER_CSE_RELIGIOUS_TEMPLE_FAITH'				),
		('MINOR_CIV_RELIGIOUS_TRAIT',		'MODIFIER_CSE_RELIGIOUS_CATHEDRAL_FAITH'			),
		('MINOR_CIV_RELIGIOUS_TRAIT',		'MODIFIER_CSE_RELIGIOUS_DAR_E_MEHR_FAITH'			),
		('MINOR_CIV_RELIGIOUS_TRAIT',		'MODIFIER_CSE_RELIGIOUS_GURDWARA_FAITH'				),
		('MINOR_CIV_RELIGIOUS_TRAIT',		'MODIFIER_CSE_RELIGIOUS_MEETING_HOUSE_FAITH'		),
		('MINOR_CIV_RELIGIOUS_TRAIT',		'MODIFIER_CSE_RELIGIOUS_MOSQUE_FAITH'				),
		('MINOR_CIV_RELIGIOUS_TRAIT',		'MODIFIER_CSE_RELIGIOUS_PAGODA_FAITH'				),
		('MINOR_CIV_RELIGIOUS_TRAIT',		'MODIFIER_CSE_RELIGIOUS_STUPA_FAITH'				),
		('MINOR_CIV_RELIGIOUS_TRAIT',		'MODIFIER_CSE_RELIGIOUS_SYNAGOGUE_FAITH'			),
		('MINOR_CIV_RELIGIOUS_TRAIT',		'MODIFIER_CSE_RELIGIOUS_WAT_FAITH'					),
		
		('MINOR_CIV_MILITARISTIC_TRAIT',	'MODIFIER_CSE_MILITARISTIC_SEND_TRADE_BONUS'		),
		('MINOR_CIV_MILITARISTIC_TRAIT',	'MODIFIER_CSE_MILITARISTIC_CAPITAL_UNITS'			),
		('MINOR_CIV_MILITARISTIC_TRAIT',	'MODIFIER_CSE_MILITARISTIC_BARRACKS_UNITS'			),
		('MINOR_CIV_MILITARISTIC_TRAIT',	'MODIFIER_CSE_MILITARISTIC_STABLE_UNITS'			),
		('MINOR_CIV_MILITARISTIC_TRAIT',	'MODIFIER_CSE_MILITARISTIC_ARMORY_UNITS'			),
		('MINOR_CIV_MILITARISTIC_TRAIT',	'MODIFIER_CSE_MILITARISTIC_ACADEMY_UNITS'			),
		
		('MINOR_CIV_INDUSTRIAL_TRAIT',		'MODIFIER_CSE_INDUSTRIAL_SEND_TRADE_BONUS'			),
		('MINOR_CIV_INDUSTRIAL_TRAIT',		'MODIFIER_CSE_INDUSTRIAL_CAPITAL_DISTRICTS'			),
		('MINOR_CIV_INDUSTRIAL_TRAIT',		'MODIFIER_CSE_INDUSTRIAL_CAPITAL_BUILDINGS'			),
		('MINOR_CIV_INDUSTRIAL_TRAIT',		'MODIFIER_CSE_INDUSTRIAL_WORKSHOP_DISTRICTS'		),
		('MINOR_CIV_INDUSTRIAL_TRAIT',		'MODIFIER_CSE_INDUSTRIAL_WORKSHOP_BUILDINGS'		),
		('MINOR_CIV_INDUSTRIAL_TRAIT',		'MODIFIER_CSE_INDUSTRIAL_FACTORY_DISTRICTS'			),
		('MINOR_CIV_INDUSTRIAL_TRAIT',		'MODIFIER_CSE_INDUSTRIAL_FACTORY_BUILDINGS'			),
		('MINOR_CIV_INDUSTRIAL_TRAIT',		'MODIFIER_CSE_INDUSTRIAL_PLANT_DISTRICTS'			),
		('MINOR_CIV_INDUSTRIAL_TRAIT',		'MODIFIER_CSE_INDUSTRIAL_PLANT_BUILDINGS'			);

-----------------------------------------------
-- Modifiers
-----------------------------------------------

INSERT INTO Modifiers 
		(ModifierId,											ModifierType,													SubjectRequirementSetId			)
VALUES	-- SCIENTIFIC
		('MODIFIER_CSE_SCIENTIFIC_SEND_TRADE_BONUS',			'MODIFIER_PLAYER_CITIES_ADJUST_TRADE_ROUTE_YIELD_TO_OTHERS',	NULL							),
		('MODIFIER_CSE_SCIENTIFIC_CAPITAL_SCIENCE',				'MODIFIER_ALL_PLAYERS_ATTACH_MODIFIER',							'PLAYER_HAS_SMALL_INFLUENCE'	),
		('MODIFIER_CSE_SCIENTIFIC_CAPITAL_SCIENCE_MOD',			'MODIFIER_PLAYER_CAPITAL_CITY_ADJUST_CITY_YIELD_CHANGE',		NULL							),
		('MODIFIER_CSE_SCIENTIFIC_LIBRARY_SCIENCE',				'MODIFIER_ALL_PLAYERS_ATTACH_MODIFIER',							'PLAYER_HAS_MEDIUM_INFLUENCE'	),
		('MODIFIER_CSE_SCIENTIFIC_LIBRARY_SCIENCE_MOD',			'MODIFIER_PLAYER_CITIES_ADJUST_BUILDING_YIELD_CHANGE',			NULL							),
		('MODIFIER_CSE_SCIENTIFIC_UNIVERSITY_SCIENCE',			'MODIFIER_ALL_PLAYERS_ATTACH_MODIFIER',							'PLAYER_HAS_LARGE_INFLUENCE'	),
		('MODIFIER_CSE_SCIENTIFIC_UNIVERSITY_SCIENCE_MOD',		'MODIFIER_PLAYER_CITIES_ADJUST_BUILDING_YIELD_CHANGE',			NULL							),
		('MODIFIER_CSE_SCIENTIFIC_RESEARCH_LAB_SCIENCE',		'MODIFIER_ALL_PLAYERS_ATTACH_MODIFIER',							'PLAYER_HAS_LARGEST_INFLUENCE'	),
		('MODIFIER_CSE_SCIENTIFIC_RESEARCH_LAB_SCIENCE_MOD',	'MODIFIER_PLAYER_CITIES_ADJUST_BUILDING_YIELD_CHANGE',			NULL							),

		-- CULTURAL
		('MODIFIER_CSE_CULTURAL_SEND_TRADE_BONUS',				'MODIFIER_PLAYER_CITIES_ADJUST_TRADE_ROUTE_YIELD_TO_OTHERS',	NULL							),
		('MODIFIER_CSE_CULTURAL_CAPITAL_CULTURE',				'MODIFIER_ALL_PLAYERS_ATTACH_MODIFIER',							'PLAYER_HAS_SMALL_INFLUENCE'	),
		('MODIFIER_CSE_CULTURAL_CAPITAL_CULTURE_MOD',			'MODIFIER_PLAYER_CAPITAL_CITY_ADJUST_CITY_YIELD_CHANGE',		NULL							),
		('MODIFIER_CSE_CULTURAL_AMPHITHEATER_CULTURE',			'MODIFIER_ALL_PLAYERS_ATTACH_MODIFIER',							'PLAYER_HAS_MEDIUM_INFLUENCE'	),
		('MODIFIER_CSE_CULTURAL_AMPHITHEATER_CULTURE_MOD',		'MODIFIER_PLAYER_CITIES_ADJUST_BUILDING_YIELD_CHANGE',			NULL							),
		('MODIFIER_CSE_CULTURAL_MUSEUM_ART_CULTURE',			'MODIFIER_ALL_PLAYERS_ATTACH_MODIFIER',							'PLAYER_HAS_LARGE_INFLUENCE'	),
		('MODIFIER_CSE_CULTURAL_MUSEUM_ART_CULTURE_MOD',		'MODIFIER_PLAYER_CITIES_ADJUST_BUILDING_YIELD_CHANGE',			NULL							),
		('MODIFIER_CSE_CULTURAL_MUSEUM_ARTIFACT_CULTURE',		'MODIFIER_ALL_PLAYERS_ATTACH_MODIFIER',							'PLAYER_HAS_LARGE_INFLUENCE'	),
		('MODIFIER_CSE_CULTURAL_MUSEUM_ARTIFACT_CULTURE_MOD',	'MODIFIER_PLAYER_CITIES_ADJUST_BUILDING_YIELD_CHANGE',			NULL							),
		('MODIFIER_CSE_CULTURAL_BROADCAST_CENTER_CULTURE',		'MODIFIER_ALL_PLAYERS_ATTACH_MODIFIER',							'PLAYER_HAS_LARGEST_INFLUENCE'	),
		('MODIFIER_CSE_CULTURAL_BROADCAST_CENTER_CULTURE_MOD',	'MODIFIER_PLAYER_CITIES_ADJUST_BUILDING_YIELD_CHANGE',			NULL							),

		-- TRADE
		('MODIFIER_CSE_TRADE_SEND_TRADE_BONUS',					'MODIFIER_PLAYER_CITIES_ADJUST_TRADE_ROUTE_YIELD_TO_OTHERS',	NULL							),
		('MODIFIER_CSE_TRADE_CAPITAL_GOLD',						'MODIFIER_ALL_PLAYERS_ATTACH_MODIFIER',							'PLAYER_HAS_SMALL_INFLUENCE'	),
		('MODIFIER_CSE_TRADE_CAPITAL_GOLD_MOD',					'MODIFIER_PLAYER_CAPITAL_CITY_ADJUST_CITY_YIELD_CHANGE',		NULL							),
		('MODIFIER_CSE_TRADE_MARKET_GOLD',						'MODIFIER_ALL_PLAYERS_ATTACH_MODIFIER',							'PLAYER_HAS_MEDIUM_INFLUENCE'	),
		('MODIFIER_CSE_TRADE_MARKET_GOLD_MOD',					'MODIFIER_PLAYER_CITIES_ADJUST_BUILDING_YIELD_CHANGE',			NULL							),
		('MODIFIER_CSE_TRADE_BANK_GOLD',						'MODIFIER_ALL_PLAYERS_ATTACH_MODIFIER',							'PLAYER_HAS_LARGE_INFLUENCE'	),
		('MODIFIER_CSE_TRADE_BANK_GOLD_MOD',					'MODIFIER_PLAYER_CITIES_ADJUST_BUILDING_YIELD_CHANGE',			NULL							),
		('MODIFIER_CSE_TRADE_STOCK_EXCHANGE_GOLD',				'MODIFIER_ALL_PLAYERS_ATTACH_MODIFIER',							'PLAYER_HAS_LARGEST_INFLUENCE'	),
		('MODIFIER_CSE_TRADE_STOCK_EXCHANGE_GOLD_MOD',			'MODIFIER_PLAYER_CITIES_ADJUST_BUILDING_YIELD_CHANGE',			NULL							),
		('MODIFIER_CSE_TRADE_LIGHTHOUSE_GOLD',					'MODIFIER_ALL_PLAYERS_ATTACH_MODIFIER',							'PLAYER_HAS_MEDIUM_INFLUENCE'	),
		('MODIFIER_CSE_TRADE_LIGHTHOUSE_GOLD_MOD',				'MODIFIER_PLAYER_CITIES_ADJUST_BUILDING_YIELD_CHANGE',			NULL							),
		('MODIFIER_CSE_TRADE_SHIPYARD_GOLD',					'MODIFIER_ALL_PLAYERS_ATTACH_MODIFIER',							'PLAYER_HAS_LARGE_INFLUENCE'	),
		('MODIFIER_CSE_TRADE_SHIPYARD_GOLD_MOD',				'MODIFIER_PLAYER_CITIES_ADJUST_BUILDING_YIELD_CHANGE',			NULL							),
		('MODIFIER_CSE_TRADE_SEAPORT_GOLD',						'MODIFIER_ALL_PLAYERS_ATTACH_MODIFIER',							'PLAYER_HAS_LARGEST_INFLUENCE'	),
		('MODIFIER_CSE_TRADE_SEAPORT_GOLD_MOD',					'MODIFIER_PLAYER_CITIES_ADJUST_BUILDING_YIELD_CHANGE',			NULL							),

		-- RELIGIOUS
		('MODIFIER_CSE_RELIGIOUS_SEND_TRADE_BONUS',				'MODIFIER_PLAYER_CITIES_ADJUST_TRADE_ROUTE_YIELD_TO_OTHERS',	NULL							),
		('MODIFIER_CSE_RELIGIOUS_CAPITAL_FAITH',				'MODIFIER_ALL_PLAYERS_ATTACH_MODIFIER',							'PLAYER_HAS_SMALL_INFLUENCE'	),
		('MODIFIER_CSE_RELIGIOUS_CAPITAL_FAITH_MOD',			'MODIFIER_PLAYER_CAPITAL_CITY_ADJUST_CITY_YIELD_CHANGE',		NULL							),
		('MODIFIER_CSE_RELIGIOUS_SHRINE_FAITH',					'MODIFIER_ALL_PLAYERS_ATTACH_MODIFIER',							'PLAYER_HAS_MEDIUM_INFLUENCE'	),
		('MODIFIER_CSE_RELIGIOUS_SHRINE_FAITH_MOD',				'MODIFIER_PLAYER_CITIES_ADJUST_BUILDING_YIELD_CHANGE',			NULL							),
		('MODIFIER_CSE_RELIGIOUS_TEMPLE_FAITH',					'MODIFIER_ALL_PLAYERS_ATTACH_MODIFIER',							'PLAYER_HAS_LARGE_INFLUENCE'	),
		('MODIFIER_CSE_RELIGIOUS_TEMPLE_FAITH_MOD',				'MODIFIER_PLAYER_CITIES_ADJUST_BUILDING_YIELD_CHANGE',			NULL							),
		('MODIFIER_CSE_RELIGIOUS_CATHEDRAL_FAITH',				'MODIFIER_ALL_PLAYERS_ATTACH_MODIFIER',							'PLAYER_HAS_LARGEST_INFLUENCE'	),
		('MODIFIER_CSE_RELIGIOUS_CATHEDRAL_FAITH_MOD',			'MODIFIER_PLAYER_CITIES_ADJUST_BUILDING_YIELD_CHANGE',			NULL							),
		('MODIFIER_CSE_RELIGIOUS_DAR_E_MEHR_FAITH',				'MODIFIER_ALL_PLAYERS_ATTACH_MODIFIER',							'PLAYER_HAS_LARGEST_INFLUENCE'	),
		('MODIFIER_CSE_RELIGIOUS_DAR_E_MEHR_FAITH_MOD',			'MODIFIER_PLAYER_CITIES_ADJUST_BUILDING_YIELD_CHANGE',			NULL							),
		('MODIFIER_CSE_RELIGIOUS_GURDWARA_FAITH',				'MODIFIER_ALL_PLAYERS_ATTACH_MODIFIER',							'PLAYER_HAS_LARGEST_INFLUENCE'	),
		('MODIFIER_CSE_RELIGIOUS_GURDWARA_FAITH_MOD',			'MODIFIER_PLAYER_CITIES_ADJUST_BUILDING_YIELD_CHANGE',			NULL							),
		('MODIFIER_CSE_RELIGIOUS_MEETING_HOUSE_FAITH',			'MODIFIER_ALL_PLAYERS_ATTACH_MODIFIER',							'PLAYER_HAS_LARGEST_INFLUENCE'	),
		('MODIFIER_CSE_RELIGIOUS_MEETING_HOUSE_FAITH_MOD',		'MODIFIER_PLAYER_CITIES_ADJUST_BUILDING_YIELD_CHANGE',			NULL							),
		('MODIFIER_CSE_RELIGIOUS_MOSQUE_FAITH',					'MODIFIER_ALL_PLAYERS_ATTACH_MODIFIER',							'PLAYER_HAS_LARGEST_INFLUENCE'	),
		('MODIFIER_CSE_RELIGIOUS_MOSQUE_FAITH_MOD',				'MODIFIER_PLAYER_CITIES_ADJUST_BUILDING_YIELD_CHANGE',			NULL							),
		('MODIFIER_CSE_RELIGIOUS_PAGODA_FAITH',					'MODIFIER_ALL_PLAYERS_ATTACH_MODIFIER',							'PLAYER_HAS_LARGEST_INFLUENCE'	),
		('MODIFIER_CSE_RELIGIOUS_PAGODA_FAITH_MOD',				'MODIFIER_PLAYER_CITIES_ADJUST_BUILDING_YIELD_CHANGE',			NULL							),
		('MODIFIER_CSE_RELIGIOUS_STUPA_FAITH',					'MODIFIER_ALL_PLAYERS_ATTACH_MODIFIER',							'PLAYER_HAS_LARGEST_INFLUENCE'	),
		('MODIFIER_CSE_RELIGIOUS_STUPA_FAITH_MOD',				'MODIFIER_PLAYER_CITIES_ADJUST_BUILDING_YIELD_CHANGE',			NULL							),
		('MODIFIER_CSE_RELIGIOUS_SYNAGOGUE_FAITH',				'MODIFIER_ALL_PLAYERS_ATTACH_MODIFIER',							'PLAYER_HAS_LARGEST_INFLUENCE'	),
		('MODIFIER_CSE_RELIGIOUS_SYNAGOGUE_FAITH_MOD',			'MODIFIER_PLAYER_CITIES_ADJUST_BUILDING_YIELD_CHANGE',			NULL							),
		('MODIFIER_CSE_RELIGIOUS_WAT_FAITH',					'MODIFIER_ALL_PLAYERS_ATTACH_MODIFIER',							'PLAYER_HAS_LARGEST_INFLUENCE'	),
		('MODIFIER_CSE_RELIGIOUS_WAT_FAITH_MOD',				'MODIFIER_PLAYER_CITIES_ADJUST_BUILDING_YIELD_CHANGE',			NULL							),

		-- MILITARISTIC
		('MODIFIER_CSE_MILITARISTIC_SEND_TRADE_BONUS',			'MODIFIER_PLAYER_CITIES_ADJUST_TRADE_ROUTE_YIELD_TO_OTHERS',	NULL							),
		('MODIFIER_CSE_MILITARISTIC_CAPITAL_UNITS',				'MODIFIER_ALL_PLAYERS_ATTACH_MODIFIER',							'PLAYER_HAS_SMALL_INFLUENCE'	),
		('MODIFIER_CSE_MILITARISTIC_CAPITAL_UNITS_MOD',			'MODIFIER_PLAYER_CAPITAL_CITY_ADJUST_UNIT_PRODUCTION',			NULL							),
		('MODIFIER_CSE_MILITARISTIC_BARRACKS_UNITS',			'MODIFIER_ALL_PLAYERS_ATTACH_MODIFIER',							'PLAYER_HAS_MEDIUM_INFLUENCE'	),
		('MODIFIER_CSE_MILITARISTIC_BARRACKS_UNITS_MOD',		'MODIFIER_PLAYER_CITIES_ADJUST_UNIT_PRODUCTION_CHANGE',			'REQSET_CSE_CITY_HAS_BARRACKS'	),
		('MODIFIER_CSE_MILITARISTIC_STABLE_UNITS',				'MODIFIER_ALL_PLAYERS_ATTACH_MODIFIER',							'PLAYER_HAS_MEDIUM_INFLUENCE'	),
		('MODIFIER_CSE_MILITARISTIC_STABLE_UNITS_MOD',			'MODIFIER_PLAYER_CITIES_ADJUST_UNIT_PRODUCTION_CHANGE',			'REQSET_CSE_CITY_HAS_STABLE'	),
		('MODIFIER_CSE_MILITARISTIC_ARMORY_UNITS',				'MODIFIER_ALL_PLAYERS_ATTACH_MODIFIER',							'PLAYER_HAS_LARGE_INFLUENCE'	),
		('MODIFIER_CSE_MILITARISTIC_ARMORY_UNITS_MOD',			'MODIFIER_PLAYER_CITIES_ADJUST_UNIT_PRODUCTION_CHANGE',			'REQSET_CSE_CITY_HAS_ARMORY'	),
		('MODIFIER_CSE_MILITARISTIC_ACADEMY_UNITS',				'MODIFIER_ALL_PLAYERS_ATTACH_MODIFIER',							'PLAYER_HAS_LARGEST_INFLUENCE'	),
		('MODIFIER_CSE_MILITARISTIC_ACADEMY_UNITS_MOD',			'MODIFIER_PLAYER_CITIES_ADJUST_UNIT_PRODUCTION_CHANGE',			'REQSET_CSE_CITY_HAS_ACADEMY'	),

		-- INDUSTRIAL
		('MODIFIER_CSE_INDUSTRIAL_SEND_TRADE_BONUS',			'MODIFIER_PLAYER_CITIES_ADJUST_TRADE_ROUTE_YIELD_TO_OTHERS',	NULL							),
		('MODIFIER_CSE_INDUSTRIAL_CAPITAL_DISTRICTS',			'MODIFIER_ALL_PLAYERS_ATTACH_MODIFIER',							'PLAYER_HAS_SMALL_INFLUENCE'	),
		('MODIFIER_CSE_INDUSTRIAL_CAPITAL_DISTRICTS_MOD',		'MODIFIER_PLAYER_CAPITAL_CITY_ADJUST_DISTRICT_PRODUCTION',		NULL							),
		('MODIFIER_CSE_INDUSTRIAL_CAPITAL_BUILDINGS',			'MODIFIER_ALL_PLAYERS_ATTACH_MODIFIER',							'PLAYER_HAS_SMALL_INFLUENCE'	),
		('MODIFIER_CSE_INDUSTRIAL_CAPITAL_BUILDINGS_MOD',		'MODIFIER_PLAYER_CAPITAL_CITY_ADJUST_BUILDING_PRODUCTION',		NULL							),
		('MODIFIER_CSE_INDUSTRIAL_WORKSHOP_DISTRICTS',			'MODIFIER_ALL_PLAYERS_ATTACH_MODIFIER',							'PLAYER_HAS_MEDIUM_INFLUENCE'	),
		('MODIFIER_CSE_INDUSTRIAL_WORKSHOP_DISTRICTS_MOD',		'MODIFIER_PLAYER_CITIES_ADJUST_DISTRICT_PRODUCTION_CHANGE',		'REQSET_CSE_CITY_HAS_WORKSHOP'	),
		('MODIFIER_CSE_INDUSTRIAL_WORKSHOP_BUILDINGS',			'MODIFIER_ALL_PLAYERS_ATTACH_MODIFIER',							'PLAYER_HAS_MEDIUM_INFLUENCE'	),
		('MODIFIER_CSE_INDUSTRIAL_WORKSHOP_BUILDINGS_MOD',		'MODIFIER_PLAYER_CITIES_ADJUST_BUILDING_PRODUCTION_CHANGE',		'REQSET_CSE_CITY_HAS_WORKSHOP'	),
		('MODIFIER_CSE_INDUSTRIAL_FACTORY_DISTRICTS',			'MODIFIER_ALL_PLAYERS_ATTACH_MODIFIER',							'PLAYER_HAS_LARGE_INFLUENCE'	),
		('MODIFIER_CSE_INDUSTRIAL_FACTORY_DISTRICTS_MOD',		'MODIFIER_PLAYER_CITIES_ADJUST_DISTRICT_PRODUCTION_CHANGE',		'REQSET_CSE_CITY_HAS_FACTORY'	),
		('MODIFIER_CSE_INDUSTRIAL_FACTORY_BUILDINGS',			'MODIFIER_ALL_PLAYERS_ATTACH_MODIFIER',							'PLAYER_HAS_LARGE_INFLUENCE'	),
		('MODIFIER_CSE_INDUSTRIAL_FACTORY_BUILDINGS_MOD',		'MODIFIER_PLAYER_CITIES_ADJUST_BUILDING_PRODUCTION_CHANGE',		'REQSET_CSE_CITY_HAS_FACTORY'	),
		('MODIFIER_CSE_INDUSTRIAL_PLANT_DISTRICTS',				'MODIFIER_ALL_PLAYERS_ATTACH_MODIFIER',							'PLAYER_HAS_LARGEST_INFLUENCE'	),
		('MODIFIER_CSE_INDUSTRIAL_PLANT_DISTRICTS_MOD',			'MODIFIER_PLAYER_CITIES_ADJUST_DISTRICT_PRODUCTION_CHANGE',		'REQSET_CSE_CITY_HAS_PLANT'		),
		('MODIFIER_CSE_INDUSTRIAL_PLANT_BUILDINGS',				'MODIFIER_ALL_PLAYERS_ATTACH_MODIFIER',							'PLAYER_HAS_LARGEST_INFLUENCE'	),
		('MODIFIER_CSE_INDUSTRIAL_PLANT_BUILDINGS_MOD',			'MODIFIER_PLAYER_CITIES_ADJUST_BUILDING_PRODUCTION_CHANGE',		'REQSET_CSE_CITY_HAS_PLANT'		);

-----------------------------------------------
-- ModifierArguments
-----------------------------------------------

INSERT INTO ModifierArguments
		(ModifierId,												Name,				Value													)
VALUES	-- SCIENTIFIC
		('MODIFIER_CSE_SCIENTIFIC_SEND_TRADE_BONUS',				'YieldType',		'YIELD_SCIENCE'											),
		('MODIFIER_CSE_SCIENTIFIC_SEND_TRADE_BONUS',				'Amount',			1														),
		('MODIFIER_CSE_SCIENTIFIC_CAPITAL_SCIENCE',					'ModifierId',		'MODIFIER_CSE_SCIENTIFIC_CAPITAL_SCIENCE_MOD'			),
		('MODIFIER_CSE_SCIENTIFIC_CAPITAL_SCIENCE_MOD',				'YieldType',		'YIELD_SCIENCE'											),
		('MODIFIER_CSE_SCIENTIFIC_CAPITAL_SCIENCE_MOD',				'Amount',			2														),
		('MODIFIER_CSE_SCIENTIFIC_LIBRARY_SCIENCE',					'ModifierId',		'MODIFIER_CSE_SCIENTIFIC_LIBRARY_SCIENCE_MOD'			),
		('MODIFIER_CSE_SCIENTIFIC_LIBRARY_SCIENCE_MOD',				'BuildingType',		'BUILDING_LIBRARY'										),
		('MODIFIER_CSE_SCIENTIFIC_LIBRARY_SCIENCE_MOD',				'YieldType',		'YIELD_SCIENCE'											),
		('MODIFIER_CSE_SCIENTIFIC_LIBRARY_SCIENCE_MOD',				'Amount',			2														),
		('MODIFIER_CSE_SCIENTIFIC_LIBRARY_SCIENCE_MOD',				'CityStatesOnly',	1														),
		('MODIFIER_CSE_SCIENTIFIC_UNIVERSITY_SCIENCE',				'ModifierId',		'MODIFIER_CSE_SCIENTIFIC_UNIVERSITY_SCIENCE_MOD'		),
		('MODIFIER_CSE_SCIENTIFIC_UNIVERSITY_SCIENCE_MOD',			'BuildingType',		'BUILDING_UNIVERSITY'									),
		('MODIFIER_CSE_SCIENTIFIC_UNIVERSITY_SCIENCE_MOD',			'YieldType',		'YIELD_SCIENCE'											),
		('MODIFIER_CSE_SCIENTIFIC_UNIVERSITY_SCIENCE_MOD',			'Amount',			2														),
		('MODIFIER_CSE_SCIENTIFIC_UNIVERSITY_SCIENCE_MOD',			'CityStatesOnly',	1														),
		('MODIFIER_CSE_SCIENTIFIC_RESEARCH_LAB_SCIENCE',			'ModifierId',		'MODIFIER_CSE_SCIENTIFIC_RESEARCH_LAB_SCIENCE_MOD'		),
		('MODIFIER_CSE_SCIENTIFIC_RESEARCH_LAB_SCIENCE_MOD',		'BuildingType',		'BUILDING_RESEARCH_LAB'									),
		('MODIFIER_CSE_SCIENTIFIC_RESEARCH_LAB_SCIENCE_MOD',		'YieldType',		'YIELD_SCIENCE'											),
		('MODIFIER_CSE_SCIENTIFIC_RESEARCH_LAB_SCIENCE_MOD',		'Amount',			2														),
		('MODIFIER_CSE_SCIENTIFIC_RESEARCH_LAB_SCIENCE_MOD',		'CityStatesOnly',	1														),
		
		-- CULTURAL
		('MODIFIER_CSE_CULTURAL_SEND_TRADE_BONUS',					'YieldType',		'YIELD_CULTURE'											),
		('MODIFIER_CSE_CULTURAL_SEND_TRADE_BONUS',					'Amount',			1														),
		('MODIFIER_CSE_CULTURAL_CAPITAL_CULTURE',					'ModifierId',		'MODIFIER_CSE_CULTURAL_CAPITAL_CULTURE_MOD'				),
		('MODIFIER_CSE_CULTURAL_CAPITAL_CULTURE_MOD',				'YieldType',		'YIELD_CULTURE'											),
		('MODIFIER_CSE_CULTURAL_CAPITAL_CULTURE_MOD',				'Amount',			2														),
		('MODIFIER_CSE_CULTURAL_AMPHITHEATER_CULTURE',				'ModifierId',		'MODIFIER_CSE_CULTURAL_AMPHITHEATER_CULTURE_MOD'		),
		('MODIFIER_CSE_CULTURAL_AMPHITHEATER_CULTURE_MOD',			'BuildingType',		'BUILDING_AMPHITHEATER'									),
		('MODIFIER_CSE_CULTURAL_AMPHITHEATER_CULTURE_MOD',			'YieldType',		'YIELD_CULTURE'											),
		('MODIFIER_CSE_CULTURAL_AMPHITHEATER_CULTURE_MOD',			'Amount',			2														),
		('MODIFIER_CSE_CULTURAL_AMPHITHEATER_CULTURE_MOD',			'CityStatesOnly',	1														),
		('MODIFIER_CSE_CULTURAL_MUSEUM_ART_CULTURE',				'ModifierId',		'MODIFIER_CSE_CULTURAL_MUSEUM_ART_CULTURE_MOD'			),
		('MODIFIER_CSE_CULTURAL_MUSEUM_ART_CULTURE_MOD',			'BuildingType',		'BUILDING_MUSEUM_ART'									),
		('MODIFIER_CSE_CULTURAL_MUSEUM_ART_CULTURE_MOD',			'YieldType',		'YIELD_CULTURE'											),
		('MODIFIER_CSE_CULTURAL_MUSEUM_ART_CULTURE_MOD',			'Amount',			2														),
		('MODIFIER_CSE_CULTURAL_MUSEUM_ART_CULTURE_MOD',			'CityStatesOnly',	1														),
		('MODIFIER_CSE_CULTURAL_MUSEUM_ARTIFACT_CULTURE',			'ModifierId',		'MODIFIER_CSE_CULTURAL_MUSEUM_ARTIFACT_CULTURE_MOD'		),
		('MODIFIER_CSE_CULTURAL_MUSEUM_ARTIFACT_CULTURE_MOD',		'BuildingType',		'BUILDING_MUSEUM_ARTIFACT'								),
		('MODIFIER_CSE_CULTURAL_MUSEUM_ARTIFACT_CULTURE_MOD',		'YieldType',		'YIELD_CULTURE'											),
		('MODIFIER_CSE_CULTURAL_MUSEUM_ARTIFACT_CULTURE_MOD',		'Amount',			2														),
		('MODIFIER_CSE_CULTURAL_MUSEUM_ARTIFACT_CULTURE_MOD',		'CityStatesOnly',	1														),
		('MODIFIER_CSE_CULTURAL_BROADCAST_CENTER_CULTURE',			'ModifierId',		'MODIFIER_CSE_CULTURAL_BROADCAST_CENTER_CULTURE_MOD'	),
		('MODIFIER_CSE_CULTURAL_BROADCAST_CENTER_CULTURE_MOD',		'BuildingType',		'BUILDING_BROADCAST_CENTER'								),
		('MODIFIER_CSE_CULTURAL_BROADCAST_CENTER_CULTURE_MOD',		'YieldType',		'YIELD_CULTURE'											),
		('MODIFIER_CSE_CULTURAL_BROADCAST_CENTER_CULTURE_MOD',		'Amount',			2														),
		('MODIFIER_CSE_CULTURAL_BROADCAST_CENTER_CULTURE_MOD',		'CityStatesOnly',	1														),
		
		-- TRADE
		('MODIFIER_CSE_TRADE_SEND_TRADE_BONUS',						'YieldType',		'YIELD_GOLD'											),
		('MODIFIER_CSE_TRADE_SEND_TRADE_BONUS',						'Amount',			1														),
		('MODIFIER_CSE_TRADE_CAPITAL_GOLD',							'ModifierId',		'MODIFIER_CSE_TRADE_CAPITAL_GOLD_MOD'					),
		('MODIFIER_CSE_TRADE_CAPITAL_GOLD_MOD',						'YieldType',		'YIELD_GOLD'											),
		('MODIFIER_CSE_TRADE_CAPITAL_GOLD_MOD',						'Amount',			2														),
		('MODIFIER_CSE_TRADE_MARKET_GOLD',							'ModifierId',		'MODIFIER_CSE_TRADE_MARKET_GOLD_MOD'					),
		('MODIFIER_CSE_TRADE_MARKET_GOLD_MOD',						'BuildingType',		'BUILDING_MARKET'										),
		('MODIFIER_CSE_TRADE_MARKET_GOLD_MOD',						'YieldType',		'YIELD_GOLD'											),
		('MODIFIER_CSE_TRADE_MARKET_GOLD_MOD',						'Amount',			2														),
		('MODIFIER_CSE_TRADE_MARKET_GOLD_MOD',						'CityStatesOnly',	1														),
		('MODIFIER_CSE_TRADE_BANK_GOLD',							'ModifierId',		'MODIFIER_CSE_TRADE_BANK_GOLD_MOD'						),
		('MODIFIER_CSE_TRADE_BANK_GOLD_MOD',						'BuildingType',		'BUILDING_BANK'											),
		('MODIFIER_CSE_TRADE_BANK_GOLD_MOD',						'YieldType',		'YIELD_GOLD'											),
		('MODIFIER_CSE_TRADE_BANK_GOLD_MOD',						'Amount',			2														),
		('MODIFIER_CSE_TRADE_BANK_GOLD_MOD',						'CityStatesOnly',	1														),
		('MODIFIER_CSE_TRADE_STOCK_EXCHANGE_GOLD',					'ModifierId',		'MODIFIER_CSE_TRADE_STOCK_EXCHANGE_GOLD_MOD'			),
		('MODIFIER_CSE_TRADE_STOCK_EXCHANGE_GOLD_MOD',				'BuildingType',		'BUILDING_STOCK_EXCHANGE'								),
		('MODIFIER_CSE_TRADE_STOCK_EXCHANGE_GOLD_MOD',				'YieldType',		'YIELD_GOLD'											),
		('MODIFIER_CSE_TRADE_STOCK_EXCHANGE_GOLD_MOD',				'Amount',			2														),
		('MODIFIER_CSE_TRADE_STOCK_EXCHANGE_GOLD_MOD',				'CityStatesOnly',	1														),

		-- RELIGIOUS
		('MODIFIER_CSE_RELIGIOUS_SEND_TRADE_BONUS',					'YieldType',		'YIELD_FAITH'											),
		('MODIFIER_CSE_RELIGIOUS_SEND_TRADE_BONUS',					'Amount',			1														),
		('MODIFIER_CSE_RELIGIOUS_CAPITAL_FAITH',					'ModifierId',		'MODIFIER_CSE_RELIGIOUS_CAPITAL_FAITH_MOD'				),
		('MODIFIER_CSE_RELIGIOUS_CAPITAL_FAITH_MOD',				'YieldType',		'YIELD_FAITH'											),
		('MODIFIER_CSE_RELIGIOUS_CAPITAL_FAITH_MOD',				'Amount',			2														),
		('MODIFIER_CSE_RELIGIOUS_SHRINE_FAITH',						'ModifierId',		'MODIFIER_CSE_RELIGIOUS_SHRINE_FAITH_MOD'				),
		('MODIFIER_CSE_RELIGIOUS_SHRINE_FAITH_MOD',					'BuildingType',		'BUILDING_SHRINE'										),
		('MODIFIER_CSE_RELIGIOUS_SHRINE_FAITH_MOD',					'YieldType',		'YIELD_FAITH'											),
		('MODIFIER_CSE_RELIGIOUS_SHRINE_FAITH_MOD',					'Amount',			2														),
		('MODIFIER_CSE_RELIGIOUS_SHRINE_FAITH_MOD',					'CityStatesOnly',	1														),
		('MODIFIER_CSE_RELIGIOUS_TEMPLE_FAITH',						'ModifierId',		'MODIFIER_CSE_RELIGIOUS_TEMPLE_FAITH_MOD'				),
		('MODIFIER_CSE_RELIGIOUS_TEMPLE_FAITH_MOD',					'BuildingType',		'BUILDING_TEMPLE'										),
		('MODIFIER_CSE_RELIGIOUS_TEMPLE_FAITH_MOD',					'YieldType',		'YIELD_FAITH'											),
		('MODIFIER_CSE_RELIGIOUS_TEMPLE_FAITH_MOD',					'Amount',			2														),
		('MODIFIER_CSE_RELIGIOUS_TEMPLE_FAITH_MOD',					'CityStatesOnly',	1														),
		('MODIFIER_CSE_RELIGIOUS_CATHEDRAL_FAITH',					'ModifierId',		'MODIFIER_CSE_RELIGIOUS_CATHEDRAL_FAITH_MOD'			),
		('MODIFIER_CSE_RELIGIOUS_CATHEDRAL_FAITH_MOD',				'BuildingType',		'BUILDING_CATHEDRAL'									),
		('MODIFIER_CSE_RELIGIOUS_CATHEDRAL_FAITH_MOD',				'YieldType',		'YIELD_FAITH'											),
		('MODIFIER_CSE_RELIGIOUS_CATHEDRAL_FAITH_MOD',				'Amount',			2														),
		('MODIFIER_CSE_RELIGIOUS_CATHEDRAL_FAITH_MOD',				'CityStatesOnly',	1														),
		('MODIFIER_CSE_RELIGIOUS_DAR_E_MEHR_FAITH',					'ModifierId',		'MODIFIER_CSE_RELIGIOUS_DAR_E_MEHR_FAITH_MOD'			),
		('MODIFIER_CSE_RELIGIOUS_DAR_E_MEHR_FAITH_MOD',				'BuildingType',		'BUILDING_DAR_E_MEHR'									),
		('MODIFIER_CSE_RELIGIOUS_DAR_E_MEHR_FAITH_MOD',				'YieldType',		'YIELD_FAITH'											),
		('MODIFIER_CSE_RELIGIOUS_DAR_E_MEHR_FAITH_MOD',				'Amount',			2														),
		('MODIFIER_CSE_RELIGIOUS_DAR_E_MEHR_FAITH_MOD',				'CityStatesOnly',	1														),
		('MODIFIER_CSE_RELIGIOUS_GURDWARA_FAITH',					'ModifierId',		'MODIFIER_CSE_RELIGIOUS_GURDWARA_FAITH_MOD'				),
		('MODIFIER_CSE_RELIGIOUS_GURDWARA_FAITH_MOD',				'BuildingType',		'BUILDING_GURDWARA'										),
		('MODIFIER_CSE_RELIGIOUS_GURDWARA_FAITH_MOD',				'YieldType',		'YIELD_FAITH'											),
		('MODIFIER_CSE_RELIGIOUS_GURDWARA_FAITH_MOD',				'Amount',			2														),
		('MODIFIER_CSE_RELIGIOUS_GURDWARA_FAITH_MOD',				'CityStatesOnly',	1														),
		('MODIFIER_CSE_RELIGIOUS_MEETING_HOUSE_FAITH',				'ModifierId',		'MODIFIER_CSE_RELIGIOUS_MEETING_HOUSE_FAITH_MOD'		),
		('MODIFIER_CSE_RELIGIOUS_MEETING_HOUSE_FAITH_MOD',			'BuildingType',		'BUILDING_MEETING_HOUSE'								),
		('MODIFIER_CSE_RELIGIOUS_MEETING_HOUSE_FAITH_MOD',			'YieldType',		'YIELD_FAITH'											),
		('MODIFIER_CSE_RELIGIOUS_MEETING_HOUSE_FAITH_MOD',			'Amount',			2														),
		('MODIFIER_CSE_RELIGIOUS_MEETING_HOUSE_FAITH_MOD',			'CityStatesOnly',	1														),
		('MODIFIER_CSE_RELIGIOUS_MOSQUE_FAITH',						'ModifierId',		'MODIFIER_CSE_RELIGIOUS_MOSQUE_FAITH_MOD'				),
		('MODIFIER_CSE_RELIGIOUS_MOSQUE_FAITH_MOD',					'BuildingType',		'BUILDING_MOSQUE'										),
		('MODIFIER_CSE_RELIGIOUS_MOSQUE_FAITH_MOD',					'YieldType',		'YIELD_FAITH'											),
		('MODIFIER_CSE_RELIGIOUS_MOSQUE_FAITH_MOD',					'Amount',			2														),
		('MODIFIER_CSE_RELIGIOUS_MOSQUE_FAITH_MOD',					'CityStatesOnly',	1														),
		('MODIFIER_CSE_RELIGIOUS_PAGODA_FAITH',						'ModifierId',		'MODIFIER_CSE_RELIGIOUS_PAGODA_FAITH_MOD'				),
		('MODIFIER_CSE_RELIGIOUS_PAGODA_FAITH_MOD',					'BuildingType',		'BUILDING_PAGODA'										),
		('MODIFIER_CSE_RELIGIOUS_PAGODA_FAITH_MOD',					'YieldType',		'YIELD_FAITH'											),
		('MODIFIER_CSE_RELIGIOUS_PAGODA_FAITH_MOD',					'Amount',			2														),
		('MODIFIER_CSE_RELIGIOUS_PAGODA_FAITH_MOD',					'CityStatesOnly',	1														),
		('MODIFIER_CSE_RELIGIOUS_SYNAGOGUE_FAITH',					'ModifierId',		'MODIFIER_CSE_RELIGIOUS_SYNAGOGUE_FAITH_MOD'			),
		('MODIFIER_CSE_RELIGIOUS_SYNAGOGUE_FAITH_MOD',				'BuildingType',		'BUILDING_SYNAGOGUE'									),
		('MODIFIER_CSE_RELIGIOUS_SYNAGOGUE_FAITH_MOD',				'YieldType',		'YIELD_FAITH'											),
		('MODIFIER_CSE_RELIGIOUS_SYNAGOGUE_FAITH_MOD',				'Amount',			2														),
		('MODIFIER_CSE_RELIGIOUS_SYNAGOGUE_FAITH_MOD',				'CityStatesOnly',	1														),
		('MODIFIER_CSE_RELIGIOUS_STUPA_FAITH',						'ModifierId',		'MODIFIER_CSE_RELIGIOUS_STUPA_FAITH_MOD'				),
		('MODIFIER_CSE_RELIGIOUS_STUPA_FAITH_MOD',					'BuildingType',		'BUILDING_STUPA'										),
		('MODIFIER_CSE_RELIGIOUS_STUPA_FAITH_MOD',					'YieldType',		'YIELD_FAITH'											),
		('MODIFIER_CSE_RELIGIOUS_STUPA_FAITH_MOD',					'Amount',			2														),
		('MODIFIER_CSE_RELIGIOUS_STUPA_FAITH_MOD',					'CityStatesOnly',	1														),
		('MODIFIER_CSE_RELIGIOUS_WAT_FAITH',						'ModifierId',		'MODIFIER_CSE_RELIGIOUS_WAT_FAITH_MOD'					),
		('MODIFIER_CSE_RELIGIOUS_WAT_FAITH_MOD',					'BuildingType',		'BUILDING_WAT'											),
		('MODIFIER_CSE_RELIGIOUS_WAT_FAITH_MOD',					'YieldType',		'YIELD_FAITH'											),
		('MODIFIER_CSE_RELIGIOUS_WAT_FAITH_MOD',					'Amount',			2														),
		('MODIFIER_CSE_RELIGIOUS_WAT_FAITH_MOD',					'CityStatesOnly',	1														),

		-- MILITARISTIC
		('MODIFIER_CSE_MILITARISTIC_SEND_TRADE_BONUS',				'YieldType',		'YIELD_PRODUCTION'										),
		('MODIFIER_CSE_MILITARISTIC_SEND_TRADE_BONUS',				'Amount',			1														),
		('MODIFIER_CSE_MILITARISTIC_CAPITAL_UNITS',					'ModifierId',		'MODIFIER_CSE_MILITARISTIC_CAPITAL_UNITS_MOD'			),
		('MODIFIER_CSE_MILITARISTIC_CAPITAL_UNITS_MOD',				'Amount',			2														),
		('MODIFIER_CSE_MILITARISTIC_BARRACKS_UNITS',				'ModifierId',		'MODIFIER_CSE_MILITARISTIC_BARRACKS_UNITS_MOD'			),
		('MODIFIER_CSE_MILITARISTIC_BARRACKS_UNITS_MOD',			'Amount',			2														),
		('MODIFIER_CSE_MILITARISTIC_STABLE_UNITS',					'ModifierId',		'MODIFIER_CSE_MILITARISTIC_STABLE_UNITS_MOD'			),
		('MODIFIER_CSE_MILITARISTIC_STABLE_UNITS_MOD',				'Amount',			2														),
		('MODIFIER_CSE_MILITARISTIC_ARMORY_UNITS',					'ModifierId',		'MODIFIER_CSE_MILITARISTIC_ARMORY_UNITS_MOD'			),
		('MODIFIER_CSE_MILITARISTIC_ARMORY_UNITS_MOD',				'Amount',			2														),
		('MODIFIER_CSE_MILITARISTIC_ACADEMY_UNITS',					'ModifierId',		'MODIFIER_CSE_MILITARISTIC_ACADEMY_UNITS_MOD'			),
		('MODIFIER_CSE_MILITARISTIC_ACADEMY_UNITS_MOD',				'Amount',			2														),

		-- INDUSTRIAL
		('MODIFIER_CSE_INDUSTRIAL_SEND_TRADE_BONUS',				'YieldType',		'YIELD_PRODUCTION'										),
		('MODIFIER_CSE_INDUSTRIAL_SEND_TRADE_BONUS',				'Amount',			1														),
		('MODIFIER_CSE_INDUSTRIAL_CAPITAL_DISTRICTS',				'ModifierId',		'MODIFIER_CSE_INDUSTRIAL_CAPITAL_DISTRICTS_MOD'			),
		('MODIFIER_CSE_INDUSTRIAL_CAPITAL_DISTRICTS_MOD',			'Amount',			2														),
		('MODIFIER_CSE_INDUSTRIAL_CAPITAL_BUILDINGS',				'ModifierId',		'MODIFIER_CSE_INDUSTRIAL_CAPITAL_BUILDINGS_MOD'			),
		('MODIFIER_CSE_INDUSTRIAL_CAPITAL_BUILDINGS_MOD',			'Amount',			2														),
		('MODIFIER_CSE_INDUSTRIAL_WORKSHOP_DISTRICTS',				'ModifierId',		'MODIFIER_CSE_INDUSTRIAL_WORKSHOP_DISTRICTS_MOD'		),
		('MODIFIER_CSE_INDUSTRIAL_WORKSHOP_DISTRICTS_MOD',			'Amount',			2														),
		('MODIFIER_CSE_INDUSTRIAL_WORKSHOP_BUILDINGS',				'ModifierId',		'MODIFIER_CSE_INDUSTRIAL_WORKSHOP_BUILDINGS_MOD'		),
		('MODIFIER_CSE_INDUSTRIAL_WORKSHOP_BUILDINGS_MOD',			'Amount',			2														),
		('MODIFIER_CSE_INDUSTRIAL_FACTORY_DISTRICTS',				'ModifierId',		'MODIFIER_CSE_INDUSTRIAL_FACTORY_DISTRICTS_MOD'			),
		('MODIFIER_CSE_INDUSTRIAL_FACTORY_DISTRICTS_MOD',			'Amount',			2														),
		('MODIFIER_CSE_INDUSTRIAL_FACTORY_BUILDINGS',				'ModifierId',		'MODIFIER_CSE_INDUSTRIAL_FACTORY_BUILDINGS_MOD'			),
		('MODIFIER_CSE_INDUSTRIAL_FACTORY_BUILDINGS_MOD',			'Amount',			2														),
		('MODIFIER_CSE_INDUSTRIAL_PLANT_DISTRICTS',					'ModifierId',		'MODIFIER_CSE_INDUSTRIAL_FACTORY_DISTRICTS_MOD'			),
		('MODIFIER_CSE_INDUSTRIAL_PLANT_DISTRICTS_MOD',				'Amount',			2														),
		('MODIFIER_CSE_INDUSTRIAL_PLANT_BUILDINGS',					'ModifierId',		'MODIFIER_CSE_INDUSTRIAL_FACTORY_BUILDINGS_MOD'			),
		('MODIFIER_CSE_INDUSTRIAL_PLANT_BUILDINGS_MOD',				'Amount',			2														);

-----------------------------------------------
-- ModifierStrings
-----------------------------------------------

INSERT INTO ModifierStrings 
		(ModifierId, 										Context, 	Text												)
VALUES	('MODIFIER_CSE_SCIENTIFIC_CAPITAL_SCIENCE', 		'Preview', 	'LOC_CSE_SCIENTIFIC_TRAIT_SMALL_INFLUENCE_BONUS'	),
		('MODIFIER_CSE_SCIENTIFIC_LIBRARY_SCIENCE', 		'Preview', 	'LOC_CSE_SCIENTIFIC_TRAIT_MEDIUM_INFLUENCE_BONUS'	),
		('MODIFIER_CSE_SCIENTIFIC_UNIVERSITY_SCIENCE',		'Preview', 	'LOC_CSE_SCIENTIFIC_TRAIT_LARGE_INFLUENCE_BONUS'	),
		('MODIFIER_CSE_SCIENTIFIC_RESEARCH_LAB_SCIENCE',	'Preview', 	'LOC_CSE_SCIENTIFIC_TRAIT_LARGEST_INFLUENCE_BONUS'	),

		('MODIFIER_CSE_CULTURAL_CAPITAL_CULTURE', 			'Preview', 	'LOC_CSE_CULTURAL_TRAIT_SMALL_INFLUENCE_BONUS'		),
		('MODIFIER_CSE_CULTURAL_AMPHITHEATER_CULTURE', 		'Preview', 	'LOC_CSE_CULTURAL_TRAIT_MEDIUM_INFLUENCE_BONUS'		),
		('MODIFIER_CSE_CULTURAL_MUSEUM_ART_CULTURE',		'Preview', 	'LOC_CSE_CULTURAL_TRAIT_LARGE_INFLUENCE_BONUS'		),
		('MODIFIER_CSE_CULTURAL_MUSEUM_ARTIFACT_CULTURE',	'Preview', 	'LOC_CSE_CULTURAL_TRAIT_LARGE_INFLUENCE_BONUS'		),
		('MODIFIER_CSE_CULTURAL_BROADCAST_CENTER_CULTURE',	'Preview', 	'LOC_CSE_CULTURAL_TRAIT_LARGE_INFLUENCE_BONUS'		),
		
		('MODIFIER_CSE_TRADE_CAPITAL_GOLD', 				'Preview', 	'LOC_CSE_TRADE_TRAIT_SMALL_INFLUENCE_BONUS'			),
		('MODIFIER_CSE_TRADE_MARKET_GOLD', 					'Preview', 	'LOC_CSE_TRADE_TRAIT_MEDIUM_INFLUENCE_BONUS'		),
		('MODIFIER_CSE_TRADE_BANK_GOLD',	 				'Preview', 	'LOC_CSE_TRADE_TRAIT_LARGE_INFLUENCE_BONUS'			),
		('MODIFIER_CSE_TRADE_STOCK_EXCHANGE_GOLD',	 		'Preview', 	'LOC_CSE_TRADE_TRAIT_LARGEST_INFLUENCE_BONUS'		),
		('MODIFIER_CSE_TRADE_LIGHTHOUSE_GOLD', 				'Preview', 	'LOC_CSE_TRADE_TRAIT_MEDIUM_INFLUENCE_BONUS'		),
		('MODIFIER_CSE_TRADE_SHIPYARD_GOLD',	 			'Preview', 	'LOC_CSE_TRADE_TRAIT_LARGE_INFLUENCE_BONUS'			),
		('MODIFIER_CSE_TRADE_SEAPORT_GOLD',	 				'Preview', 	'LOC_CSE_TRADE_TRAIT_LARGEST_INFLUENCE_BONUS'		),

		('MODIFIER_CSE_RELIGIOUS_CAPITAL_FAITH', 			'Preview', 	'LOC_CSE_RELIGIOUS_TRAIT_SMALL_INFLUENCE_BONUS'		),
		('MODIFIER_CSE_RELIGIOUS_SHRINE_FAITH', 			'Preview', 	'LOC_CSE_RELIGIOUS_TRAIT_MEDIUM_INFLUENCE_BONUS'	),
		('MODIFIER_CSE_RELIGIOUS_TEMPLE_FAITH',	 			'Preview', 	'LOC_CSE_RELIGIOUS_TRAIT_LARGE_INFLUENCE_BONUS'		),
		('MODIFIER_CSE_RELIGIOUS_CATHEDRAL_FAITH',	 		'Preview', 	'LOC_CSE_RELIGIOUS_TRAIT_LARGEST_INFLUENCE_BONUS'	),
		('MODIFIER_CSE_RELIGIOUS_DAR_E_MEHR_FAITH',	 		'Preview', 	'LOC_CSE_RELIGIOUS_TRAIT_LARGEST_INFLUENCE_BONUS'	),
		('MODIFIER_CSE_RELIGIOUS_GURDWARA_FAITH',	 		'Preview', 	'LOC_CSE_RELIGIOUS_TRAIT_LARGEST_INFLUENCE_BONUS'	),
		('MODIFIER_CSE_RELIGIOUS_MEETING_HOUSE_FAITH',	 	'Preview', 	'LOC_CSE_RELIGIOUS_TRAIT_LARGEST_INFLUENCE_BONUS'	),
		('MODIFIER_CSE_RELIGIOUS_MOSQUE_FAITH',				'Preview', 	'LOC_CSE_RELIGIOUS_TRAIT_LARGEST_INFLUENCE_BONUS'	),
		('MODIFIER_CSE_RELIGIOUS_PAGODA_FAITH',				'Preview', 	'LOC_CSE_RELIGIOUS_TRAIT_LARGEST_INFLUENCE_BONUS'	),
		('MODIFIER_CSE_RELIGIOUS_STUPA_FAITH',		 		'Preview', 	'LOC_CSE_RELIGIOUS_TRAIT_LARGEST_INFLUENCE_BONUS'	),
		('MODIFIER_CSE_RELIGIOUS_SYNAGOGUE_FAITH',	 		'Preview', 	'LOC_CSE_RELIGIOUS_TRAIT_LARGEST_INFLUENCE_BONUS'	),
		('MODIFIER_CSE_RELIGIOUS_WAT_FAITH',				'Preview', 	'LOC_CSE_RELIGIOUS_TRAIT_LARGEST_INFLUENCE_BONUS'	),

		('MODIFIER_CSE_MILITARISTIC_CAPITAL_UNITS', 		'Preview', 	'LOC_CSE_MILITARISTIC_TRAIT_SMALL_INFLUENCE_BONUS'	),
		('MODIFIER_CSE_MILITARISTIC_BARRACKS_UNITS', 		'Preview', 	'LOC_CSE_MILITARISTIC_TRAIT_MEDIUM_INFLUENCE_BONUS'	),
		('MODIFIER_CSE_MILITARISTIC_STABLE_UNITS',	 		'Preview', 	'LOC_CSE_MILITARISTIC_TRAIT_MEDIUM_INFLUENCE_BONUS'	),
		('MODIFIER_CSE_MILITARISTIC_ARMORY_UNITS', 			'Preview', 	'LOC_CSE_MILITARISTIC_TRAIT_LARGE_INFLUENCE_BONUS'	),
		('MODIFIER_CSE_MILITARISTIC_ACADEMY_UNITS', 		'Preview', 	'LOC_CSE_MILITARISTIC_TRAIT_LARGEST_INFLUENCE_BONUS'),

		('MODIFIER_CSE_INDUSTRIAL_CAPITAL_DISTRICTS', 		'Preview', 	'LOC_CSE_INDUSTRIAL_TRAIT_SMALL_INFLUENCE_BONUS'	),
		('MODIFIER_CSE_INDUSTRIAL_CAPITAL_BUILDINGS', 		'Preview', 	'LOC_CSE_INDUSTRIAL_TRAIT_SMALL_INFLUENCE_BONUS'	),
		('MODIFIER_CSE_INDUSTRIAL_WORKSHOP_DISTRICTS', 		'Preview', 	'LOC_CSE_INDUSTRIAL_TRAIT_MEDIUM_INFLUENCE_BONUS'	),
		('MODIFIER_CSE_INDUSTRIAL_WORKSHOP_BUILDINGS',	 	'Preview', 	'LOC_CSE_INDUSTRIAL_TRAIT_MEDIUM_INFLUENCE_BONUS'	),
		('MODIFIER_CSE_INDUSTRIAL_FACTORY_DISTRICTS', 		'Preview', 	'LOC_CSE_INDUSTRIAL_TRAIT_LARGE_INFLUENCE_BONUS'	),
		('MODIFIER_CSE_INDUSTRIAL_FACTORY_BUILDINGS', 		'Preview', 	'LOC_CSE_INDUSTRIAL_TRAIT_LARGE_INFLUENCE_BONUS'	),
		('MODIFIER_CSE_INDUSTRIAL_PLANT_DISTRICTS', 		'Preview', 	'LOC_CSE_INDUSTRIAL_TRAIT_LARGEST_INFLUENCE_BONUS'	),
		('MODIFIER_CSE_INDUSTRIAL_PLANT_BUILDINGS', 		'Preview', 	'LOC_CSE_INDUSTRIAL_TRAIT_LARGEST_INFLUENCE_BONUS'	);

-----------------------------------------------
-- RequirementSets
-----------------------------------------------

INSERT INTO RequirementSets
		(RequirementSetId,									RequirementSetType			)
VALUES	('PLAYER_HAS_LARGEST_INFLUENCE',					'REQUIREMENTSET_TEST_ALL'	),
		('PLAYER_HAS_LARGEST_INFLUENCE_AND_PAPAL_PRIMACY',	'REQUIREMENTSET_TEST_ALL'	),
		('REQSET_CSE_CITY_HAS_BARRACKS',					'REQUIREMENTSET_TEST_ALL'	),
		('REQSET_CSE_CITY_HAS_STABLE',						'REQUIREMENTSET_TEST_ALL'	),
		('REQSET_CSE_CITY_HAS_ARMORY',						'REQUIREMENTSET_TEST_ALL'	),
		('REQSET_CSE_CITY_HAS_ACADEMY',						'REQUIREMENTSET_TEST_ALL'	),
		('REQSET_CSE_CITY_HAS_WORKSHOP',					'REQUIREMENTSET_TEST_ALL'	),
		('REQSET_CSE_CITY_HAS_FACTORY',						'REQUIREMENTSET_TEST_ALL'	),
		('REQSET_CSE_CITY_HAS_PLANT',						'REQUIREMENTSET_TEST_ANY'	);

-----------------------------------------------
-- RequirementSetRequirements
-----------------------------------------------

INSERT INTO RequirementSetRequirements
		(RequirementSetId,									RequirementId							)
VALUES	('PLAYER_HAS_LARGEST_INFLUENCE',					'REQUIRES_PLAYER_HAS_LARGEST_INFLUENCE'	),
		('PLAYER_HAS_LARGEST_INFLUENCE',					'REQUIRES_PLAYER_AT_PEACE'				),
		('PLAYER_HAS_LARGEST_INFLUENCE_AND_PAPAL_PRIMACY',	'REQUIRES_PLAYER_HAS_LARGEST_INFLUENCE'	),
		('PLAYER_HAS_LARGEST_INFLUENCE_AND_PAPAL_PRIMACY',	'REQUIRES_PLAYER_AT_PEACE'				),
		('PLAYER_HAS_LARGEST_INFLUENCE_AND_PAPAL_PRIMACY',	'REQUIRES_PLAYER_FOUNDED_OUR_RELIGION'	),
		('PLAYER_HAS_LARGEST_INFLUENCE_AND_PAPAL_PRIMACY',	'REQUIRES_PLAYER_HAS_PAPAL_PRIMACY'		),
		('REQSET_CSE_CITY_HAS_BARRACKS',					'REQ_CSE_CITY_HAS_BARRACKS'				),
		('REQSET_CSE_CITY_HAS_STABLE',						'REQ_CSE_CITY_HAS_STABLE'				),
		('REQSET_CSE_CITY_HAS_ARMORY',						'REQ_CSE_CITY_HAS_ARMORY'				),
		('REQSET_CSE_CITY_HAS_ACADEMY',						'REQ_CSE_CITY_HAS_ACADEMY'				),
		('REQSET_CSE_CITY_HAS_WORKSHOP',					'REQ_CSE_CITY_HAS_WORKSHOP'				),
		('REQSET_CSE_CITY_HAS_FACTORY',						'REQ_CSE_CITY_HAS_FACTORY'				),
		('REQSET_CSE_CITY_HAS_PLANT',						'REQ_CSE_CITY_HAS_PLANT'				);

-----------------------------------------------
-- Requirements
-----------------------------------------------

INSERT INTO Requirements
		(RequirementId,								RequirementType									)
VALUES	('REQUIRES_PLAYER_HAS_LARGEST_INFLUENCE',	'REQUIREMENT_PLAYER_HAS_GIVEN_INFLUENCE_TOKENS'	),
		('REQ_CSE_CITY_HAS_BARRACKS',				'REQUIREMENT_CITY_HAS_BUILDING'					),
		('REQ_CSE_CITY_HAS_STABLE',					'REQUIREMENT_CITY_HAS_BUILDING'					),
		('REQ_CSE_CITY_HAS_ARMORY',					'REQUIREMENT_CITY_HAS_BUILDING'					),
		('REQ_CSE_CITY_HAS_ACADEMY',				'REQUIREMENT_CITY_HAS_BUILDING'					),
		('REQ_CSE_CITY_HAS_WORKSHOP',				'REQUIREMENT_CITY_HAS_BUILDING'					),
		('REQ_CSE_CITY_HAS_FACTORY',				'REQUIREMENT_CITY_HAS_BUILDING'					),
		('REQ_CSE_CITY_HAS_PLANT',					'REQUIREMENT_CITY_HAS_BUILDING'					);

-----------------------------------------------
-- RequirementArguments
-----------------------------------------------
		
INSERT INTO RequirementArguments
		(RequirementId,								Name,				Value						)
VALUES	('REQUIRES_PLAYER_HAS_LARGEST_INFLUENCE',	'MinimumTokens',	'10'						),
		('REQ_CSE_CITY_HAS_BARRACKS',				'BuildingType',		'BUILDING_BARRACKS'			),
		('REQ_CSE_CITY_HAS_STABLE',					'BuildingType',		'BUILDING_STABLE'			),
		('REQ_CSE_CITY_HAS_ARMORY',					'BuildingType',		'BUILDING_ARMORY'			),
		('REQ_CSE_CITY_HAS_ACADEMY',				'BuildingType',		'BUILDING_MILITARY_ACADEMY'	),
		('REQ_CSE_CITY_HAS_WORKSHOP',				'BuildingType',		'BUILDING_WORKSHOP'			),
		('REQ_CSE_CITY_HAS_FACTORY',				'BuildingType',		'BUILDING_FACTORY'			),
		('REQ_CSE_CITY_HAS_PLANT',					'BuildingType',		'BUILDING_POWER_PLANT'		);